player_id,season,team,category,subcategory,games,plate_appearances,at_bats,hits,home_runs,runs,rbis,walks,strikeouts,stolen_bases,singles,doubles,triples,intentional_walks,hit_by_pitch,sacrifice_flies,sacrifice_bunts,gidp,caught_stealing,babip,avg,ops,woba,war,bb_pct,k_pct,bb_k_ratio,iso,ab_hr_ratio,rc,rc27,wrc,spd,wsb,wraa
871,2017,삼성,base,empty_base,10.0,10,9.0,0.0,0.0,0.0,0.0,1.0,5.0,0.0,0.0,0.0,0.0,0.0,0.0,0.0,0.0,0.0,0.0,0.0,0.0,0.1,0.072,-0.03714285714285714,10.0,50.0,0.2,0.0,-,0.03,0.08,-1.21,1.81,0.0,-2.5
871,2017,삼성,base,first,6.0,5,5.0,1.0,0.0,0.0,1.0,0.0,2.0,0.0,0.0,1.0,0.0,0.0,0.0,0.0,0.0,0.0,0.0,0.333,0.2,0.6,0.253,-0.03714285714285714,0.0,40.0,0.0,0.2,-,0.4,2.7,0.22,-,0.0,-0.43
871,2017,삼성,base,first_second,3.0,1,1.0,1.0,0.0,1.0,0.0,0.0,0.0,0.0,1.0,0.0,0.0,0.0,0.0,0.0,0.0,0.0,0.0,1.0,1.0,2.0,0.919,-0.03714285714285714,0.0,0.0,-,0.0,-,1.0,-,0.65,6.81,0.0,0.52
871,2017,삼성,base,first_third,3.0,1,1.0,0.0,0.0,0.0,0.0,0.0,0.0,0.0,0.0,0.0,0.0,0.0,0.0,0.0,0.0,0.0,0.0,0.0,0.0,0.0,0.0,-0.03714285714285714,0.0,0.0,-,0.0,-,0.0,0.0,-0.19,-,0.0,-0.32
871,2017,삼성,base,full_base,3.0,2,2.0,0.0,0.0,0.0,1.0,0.0,1.0,0.0,0.0,0.0,0.0,0.0,0.0,0.0,0.0,0.0,0.0,0.0,0.0,0.0,0.0,-0.03714285714285714,0.0,50.0,0.0,0.0,-,0.0,0.0,-0.37,-,0.0,-0.63
871,2017,삼성,base,on_base,9.0,12,12.0,3.0,0.0,2.0,3.0,0.0,3.0,0.0,2.0,1.0,0.0,0.0,0.0,0.0,0.0,0.0,0.0,0.333,0.25,0.583,0.259,-0.03714285714285714,0.0,25.0,0.0,0.083,-,1.0,3.0,0.58,5.15,0.01,-0.96
871,2017,삼성,base,scoring_position,7.0,7,7.0,2.0,0.0,2.0,2.0,0.0,1.0,0.0,2.0,0.0,0.0,0.0,0.0,0.0,0.0,0.0,0.0,0.333,0.286,0.572,0.263,-0.03714285714285714,0.0,14.3,0.0,0.0,-,0.57,3.09,0.36,6.81,0.01,-0.54
871,2017,삼성,base,second,2.0,1,1.0,0.0,0.0,1.0,0.0,0.0,0.0,0.0,0.0,0.0,0.0,0.0,0.0,0.0,0.0,0.0,0.0,0.0,0.0,0.0,0.0,-0.03714285714285714,0.0,0.0,-,0.0,-,0.0,0.0,-0.19,-,0.0,-0.32
871,2017,삼성,base,second_third,1.0,1,1.0,0.0,0.0,0.0,0.0,0.0,0.0,0.0,0.0,0.0,0.0,0.0,0.0,0.0,0.0,0.0,0.0,0.0,0.0,0.0,0.0,-0.03714285714285714,0.0,0.0,-,0.0,-,0.0,0.0,-0.19,-,0.0,-0.32
871,2017,삼성,base,third,1.0,1,1.0,1.0,0.0,0.0,1.0,0.0,0.0,0.0,1.0,0.0,0.0,0.0,0.0,0.0,0.0,0.0,0.0,1.0,1.0,2.0,0.919,-0.03714285714285714,0.0,0.0,-,0.0,-,1.0,-,0.65,1.81,0.0,0.52
871,2017,삼성,hitside,left,4.0,0,0.0,0.0,0.0,1.0,0.0,0.0,0.0,0.0,0.0,0.0,0.0,0.0,0.0,0.0,0.0,0.0,0.0,0.24833333333333332,0.1717142857142857,0.45871428571428574,0.20428571428571426,-0.03714285714285714,-,-,-,-,-,2.317142857142857,-,1.4471428571428573,-,0.0,-
871,2017,삼성,hitside,right,10.0,22,21.0,3.0,0.0,1.0,3.0,1.0,8.0,0.0,2.0,1.0,0.0,0.0,0.0,0.0,0.0,0.0,0.0,0.231,0.143,0.372,0.174,-0.03714285714285714,4.6,36.4,0.12,0.047,-,0.77,1.16,-0.63,3.06,0.01,-3.46
871,2017,삼성,homeaway,away,7.0,13,13.0,2.0,0.0,2.0,1.0,0.0,5.0,0.0,1.0,1.0,0.0,0.0,0.0,0.0,0.0,0.0,0.0,0.25,0.154,0.385,0.168,-0.03714285714285714,0.0,38.5,0.0,0.077,-,0.46,1.13,-0.44,6.81,0.0,-2.11
871,2017,삼성,homeaway,home,6.0,9,8.0,1.0,0.0,0.0,2.0,1.0,3.0,0.0,1.0,0.0,0.0,0.0,0.0,0.0,0.0,0.0,0.0,0.2,0.125,0.347,0.183,-0.03714285714285714,11.1,33.3,0.33,0.0,-,0.28,1.08,-0.19,1.81,0.01,-1.34
871,2017,삼성,month,10-10,2.0,6,6.0,1.0,0.0,0.0,2.0,0.0,2.0,0.0,1.0,0.0,0.0,0.0,0.0,0.0,0.0,0.0,0.0,0.25,0.167,0.334,0.153,-0.03714285714285714,0.0,33.3,0.0,0.0,-,0.17,0.9,-0.29,1.81,0.0,-1.06
871,2017,삼성,month,9-9,11.0,16,15.0,2.0,0.0,2.0,1.0,1.0,6.0,0.0,1.0,1.0,0.0,0.0,0.0,0.0,0.0,0.0,0.0,0.222,0.133,0.388,0.182,-0.03714285714285714,6.2,37.5,0.17,0.067,-,0.61,1.27,-0.34,5.15,0.01,-2.4
871,2017,삼성,opponent,team01,3.0,2,2.0,0.0,0.0,0.0,0.0,0.0,1.0,0.0,0.0,0.0,0.0,0.0,0.0,0.0,0.0,0.0,0.0,0.0,0.0,0.0,0.0,-0.03714285714285714,0.0,50.0,0.0,0.0,-,0.0,0.0,-0.37,-,0.0,-0.63
871,2017,삼성,opponent,team03,1.0,2,2.0,0.0,0.0,0.0,0.0,0.0,0.0,0.0,0.0,0.0,0.0,0.0,0.0,0.0,0.0,0.0,0.0,0.0,0.0,0.0,0.0,-0.03714285714285714,0.0,0.0,-,0.0,-,0.0,0.0,-0.37,-,0.0,-0.63
871,2017,삼성,opponent,team04,1.0,4,4.0,1.0,0.0,0.0,2.0,0.0,1.0,0.0,1.0,0.0,0.0,0.0,0.0,0.0,0.0,0.0,0.0,0.333,0.25,0.5,0.23,-0.03714285714285714,0.0,25.0,0.0,0.0,-,0.25,2.25,0.09,1.81,0.0,-0.43
871,2017,삼성,opponent,team05,3.0,4,4.0,0.0,0.0,0.0,0.0,0.0,1.0,0.0,0.0,0.0,0.0,0.0,0.0,0.0,0.0,0.0,0.0,0.0,0.0,0.0,0.0,-0.03714285714285714,0.0,25.0,0.0,0.0,-,0.0,0.0,-0.75,-,0.0,-1.26
871,2017,삼성,opponent,team07,3.0,8,7.0,1.0,0.0,1.0,0.0,1.0,5.0,0.0,1.0,0.0,0.0,0.0,0.0,0.0,0.0,0.0,0.0,0.5,0.143,0.393,0.205,-0.03714285714285714,12.5,62.5,0.2,0.0,-,0.32,1.42,0.0,4.31,0.01,-1.03
871,2017,삼성,opponent,team08,2.0,2,2.0,1.0,0.0,1.0,1.0,0.0,0.0,0.0,0.0,1.0,0.0,0.0,0.0,0.0,0.0,0.0,0.0,0.5,0.5,1.5,0.633,-0.03714285714285714,0.0,0.0,-,0.5,-,1.0,27.0,0.78,-,0.0,0.52
871,2017,삼성,outcount,0-0,4.0,4,4.0,1.0,0.0,0.0,1.0,0.0,2.0,0.0,1.0,0.0,0.0,0.0,0.0,0.0,0.0,0.0,0.0,0.5,0.25,0.5,0.23,-0.03714285714285714,0.0,50.0,0.0,0.0,-,0.25,2.25,0.09,1.81,0.0,-0.43
871,2017,삼성,outcount,1-1,9.0,10,10.0,0.0,0.0,0.0,0.0,0.0,5.0,0.0,0.0,0.0,0.0,0.0,0.0,0.0,0.0,0.0,0.0,0.0,0.0,0.0,0.0,-0.03714285714285714,0.0,50.0,0.0,0.0,-,0.0,0.0,-1.87,-,0.0,-3.15
871,2017,삼성,outcount,2-2,7.0,8,7.0,2.0,0.0,2.0,2.0,1.0,1.0,0.0,1.0,1.0,0.0,0.0,0.0,0.0,0.0,0.0,0.0,0.333,0.286,0.804,0.364,-0.03714285714285714,12.5,12.5,1.0,0.143,-,1.22,6.6,1.15,5.15,0.01,0.12
871,2017,삼성,pitchside,left,3.0,5,5.0,0.0,0.0,0.0,0.0,0.0,3.0,0.0,0.0,0.0,0.0,0.0,0.0,0.0,0.0,0.0,0.0,0.0,0.0,0.0,0.0,-0.03714285714285714,0.0,60.0,0.0,0.0,-,0.0,0.0,-0.93,-,0.0,-1.58
871,2017,삼성,pitchside,right,7.0,12,11.0,2.0,0.0,2.0,2.0,1.0,5.0,0.0,1.0,1.0,0.0,0.0,0.0,0.0,0.0,0.0,0.0,0.333,0.182,0.523,0.243,-0.03714285714285714,8.3,41.7,0.2,0.091,-,0.82,2.45,0.4,5.15,0.01,-1.14
871,2017,삼성,pitchside,unknown,3.0,5,5.0,1.0,0.0,0.0,1.0,0.0,0.0,0.0,1.0,0.0,0.0,0.0,0.0,0.0,0.0,0.0,0.0,0.2,0.2,0.4,0.184,-0.03714285714285714,0.0,0.0,-,0.0,-,0.2,1.35,-0.1,1.81,0.0,-0.74
871,2017,삼성,total,total,13.0,22,21.0,3.0,0.0,2.0,3.0,1.0,8.0,0.0,2.0,1.0,0.0,0.0,0.0,0.0,0.0,0.0,0.0,0.231,0.143,0.372,0.17,-0.25,4.6,36.4,0.12,0.047,-,0.77,1.16,-0.71,4.31,0.02,-3.68
871,2017,삼성,weekday,1-1,2.0,4,4.0,1.0,0.0,0.0,2.0,0.0,1.0,0.0,1.0,0.0,0.0,0.0,0.0,0.0,0.0,0.0,0.0,0.333,0.25,0.5,0.23,-0.03714285714285714,0.0,25.0,0.0,0.0,-,0.25,2.25,0.09,1.81,0.0,-0.43
871,2017,삼성,weekday,2-2,1.0,2,1.0,0.0,0.0,0.0,0.0,1.0,1.0,0.0,0.0,0.0,0.0,0.0,0.0,0.0,0.0,0.0,0.0,0.24862962962962964,0.0,0.5,0.362,-0.03714285714285714,50.0,50.0,1.0,0.0,-,0.13,3.51,0.28,-,0.0,0.03
871,2017,삼성,weekday,3-3,1.0,2,2.0,1.0,0.0,1.0,0.0,0.0,1.0,0.0,1.0,0.0,0.0,0.0,0.0,0.0,0.0,0.0,0.0,1.0,0.5,1.0,0.46,-0.03714285714285714,0.0,50.0,0.0,0.0,-,0.5,13.5,0.46,6.81,0.0,0.2
871,2017,삼성,weekday,4-4,2.0,6,6.0,0.0,0.0,0.0,0.0,0.0,3.0,0.0,0.0,0.0,0.0,0.0,0.0,0.0,0.0,0.0,0.0,0.0,0.0,0.0,0.0,-0.03714285714285714,0.0,50.0,0.0,0.0,-,0.0,0.0,-1.12,-,0.0,-1.89
871,2017,삼성,weekday,5-5,4.0,4,4.0,1.0,0.0,1.0,1.0,0.0,0.0,0.0,0.0,1.0,0.0,0.0,0.0,0.0,0.0,0.0,0.0,0.25,0.25,0.75,0.317,-0.03714285714285714,0.0,0.0,-,0.25,-,0.5,4.5,0.4,-,0.0,-0.11
871,2017,삼성,weekday,6-6,3.0,4,4.0,0.0,0.0,0.0,0.0,0.0,2.0,0.0,0.0,0.0,0.0,0.0,0.0,0.0,0.0,0.0,0.0,0.0,0.0,0.0,0.0,-0.03714285714285714,0.0,50.0,0.0,0.0,-,0.0,0.0,-0.75,-,0.0,-1.26
871,2017,삼성,winlose,draw,1.0,2,2.0,1.0,0.0,1.0,0.0,0.0,1.0,0.0,1.0,0.0,0.0,0.0,0.0,0.0,0.0,0.0,0.0,1.0,0.5,1.0,0.46,-0.03714285714285714,0.0,50.0,0.0,0.0,-,0.5,13.5,0.46,6.81,0.0,0.2
871,2017,삼성,winlose,lose,9.0,10,9.0,1.0,0.0,1.0,1.0,1.0,2.0,0.0,0.0,1.0,0.0,0.0,0.0,0.0,0.0,0.0,0.0,0.143,0.111,0.422,0.199,-0.03714285714285714,10.0,20.0,0.5,0.111,-,0.45,1.53,-0.06,4.31,0.0,-1.34
871,2017,삼성,winlose,win,3.0,10,10.0,1.0,0.0,0.0,2.0,0.0,5.0,0.0,1.0,0.0,0.0,0.0,0.0,0.0,0.0,0.0,0.0,0.2,0.1,0.2,0.092,-0.03714285714285714,0.0,50.0,0.0,0.0,-,0.1,0.3,-1.03,1.81,0.0,-2.32
871,2018,삼성,base,empty_base,5.0,2,2.0,1.0,0.0,0.0,0.0,0.0,1.0,0.0,1.0,0.0,0.0,0.0,0.0,0.0,0.0,0.0,0.0,1.0,0.5,1.0,0.46,-0.03714285714285714,0.0,50.0,0.0,0.0,-,0.5,13.5,0.46,1.81,0.0,0.2
871,2018,삼성,base,first,2.0,1,1.0,0.0,0.0,0.0,0.0,0.0,0.0,0.0,0.0,0.0,0.0,0.0,0.0,0.0,0.0,0.0,0.0,0.0,0.0,0.0,0.0,-0.03714285714285714,0.0,0.0,-,0.0,-,0.0,0.0,-0.19,-,0.0,-0.32
871,2018,삼성,base,first_second,2.0,2,2.0,0.0,0.0,0.0,0.0,0.0,0.0,0.0,0.0,0.0,0.0,0.0,0.0,0.0,0.0,1.0,0.0,0.0,0.0,0.0,0.0,-0.03714285714285714,0.0,0.0,-,0.0,-,0.0,0.0,-0.37,-,0.0,-0.63
871,2018,삼성,base,on_base,5.0,4,4.0,0.0,0.0,0.0,0.0,0.0,1.0,0.0,0.0,0.0,0.0,0.0,0.0,0.0,0.0,1.0,0.0,0.0,0.0,0.0,0.0,-0.03714285714285714,0.0,25.0,0.0,0.0,-,0.0,0.0,-0.75,-,0.0,-1.26
871,2018,삼성,base,scoring_position,3.0,3,3.0,0.0,0.0,0.0,0.0,0.0,1.0,0.0,0.0,0.0,0.0,0.0,0.0,0.0,0.0,1.0,0.0,0.0,0.0,0.0,0.0,-0.03714285714285714,0.0,33.3,0.0,0.0,-,0.0,0.0,-0.56,-,0.0,-0.95
871,2018,삼성,base,second,1.0,1,1.0,0.0,0.0,0.0,0.0,0.0,1.0,0.0,0.0,0.0,0.0,0.0,0.0,0.0,0.0,0.0,0.0,0.28561363636363635,0.0,0.0,0.0,-0.03714285714285714,0.0,100.0,0.0,0.0,-,0.0,0.0,-0.19,-,0.0,-0.32
871,2018,삼성,hitside,left,1.0,0,0.0,0.0,0.0,0.0,0.0,0.0,0.0,0.0,0.0,0.0,0.0,0.0,0.0,0.0,0.0,0.0,0.0,0.24833333333333332,0.1717142857142857,0.45871428571428574,0.20428571428571426,-0.03714285714285714,-,-,-,-,-,2.317142857142857,-,1.4471428571428573,-,0.0,-
871,2018,삼성,hitside,right,5.0,6,6.0,1.0,0.0,0.0,0.0,0.0,2.0,0.0,1.0,0.0,0.0,0.0,0.0,0.0,0.0,1.0,0.0,0.25,0.167,0.334,0.153,-0.03714285714285714,0.0,33.3,0.0,0.0,-,0.0,0.0,-0.29,-8.19,0.0,-1.06
871,2018,삼성,homeaway,away,5.0,4,4.0,1.0,0.0,0.0,0.0,0.0,1.0,0.0,1.0,0.0,0.0,0.0,0.0,0.0,0.0,1.0,0.0,0.333,0.25,0.5,0.23,-0.03714285714285714,0.0,25.0,0.0,0.0,-,0.0,0.0,0.09,-11.52,0.0,-0.43
871,2018,삼성,homeaway,home,3.0,2,2.0,0.0,0.0,0.0,0.0,0.0,1.0,0.0,0.0,0.0,0.0,0.0,0.0,0.0,0.0,0.0,0.0,0.0,0.0,0.0,0.0,-0.03714285714285714,0.0,50.0,0.0,0.0,-,0.0,0.0,-0.37,-,0.0,-0.63
871,2018,삼성,month,10-10,1.0,1,1.0,0.0,0.0,0.0,0.0,0.0,0.0,0.0,0.0,0.0,0.0,0.0,0.0,0.0,0.0,0.0,0.0,0.0,0.0,0.0,0.0,-0.03714285714285714,0.0,0.0,-,0.0,-,0.0,0.0,-0.19,-,0.0,-0.32
871,2018,삼성,month,4-4,2.0,2,2.0,1.0,0.0,0.0,0.0,0.0,0.0,0.0,1.0,0.0,0.0,0.0,0.0,0.0,0.0,1.0,0.0,0.5,0.5,1.0,0.46,-0.03714285714285714,0.0,0.0,-,0.0,-,0.0,0.0,0.46,-18.19,0.0,0.2
871,2018,삼성,month,7-7,1.0,0,0.0,0.0,0.0,0.0,0.0,0.0,0.0,0.0,0.0,0.0,0.0,0.0,0.0,0.0,0.0,0.0,0.0,0.27586363636363637,0.22616666666666665,0.630875,0.27545833333333336,-0.03714285714285714,-,-,-,-,-,0.8825,-,0.4229166666666666,-,0.0,-
871,2018,삼성,month,9-9,4.0,3,3.0,0.0,0.0,0.0,0.0,0.0,2.0,0.0,0.0,0.0,0.0,0.0,0.0,0.0,0.0,0.0,0.0,0.0,0.0,0.0,0.0,-0.03714285714285714,0.0,66.7,0.0,0.0,-,0.0,0.0,-0.56,-,0.0,-0.95
871,2018,삼성,opponent,team01,1.0,0,0.0,0.0,0.0,0.0,0.0,0.0,0.0,0.0,0.0,0.0,0.0,0.0,0.0,0.0,0.0,0.0,0.0,0.23259375,0.18270588235294116,0.535235294117647,0.23291176470588237,-0.03714285714285714,-,-,-,-,-,0.7135294117647059,-,0.2705882352941177,-,0.0,-
871,2018,삼성,opponent,team03,3.0,4,4.0,0.0,0.0,0.0,0.0,0.0,2.0,0.0,0.0,0.0,0.0,0.0,0.0,0.0,0.0,0.0,0.0,0.0,0.0,0.0,0.0,-0.03714285714285714,0.0,50.0,0.0,0.0,-,0.0,0.0,-0.75,-,0.0,-1.26
871,2018,삼성,opponent,team06,1.0,0,0.0,0.0,0.0,0.0,0.0,0.0,0.0,0.0,0.0,0.0,0.0,0.0,0.0,0.0,0.0,0.0,0.0,0.23259375,0.18270588235294116,0.535235294117647,0.23291176470588237,-0.03714285714285714,-,-,-,-,-,0.7135294117647059,-,0.2705882352941177,-,0.0,-
871,2018,삼성,opponent,team08,3.0,2,2.0,1.0,0.0,0.0,0.0,0.0,0.0,0.0,1.0,0.0,0.0,0.0,0.0,0.0,0.0,1.0,0.0,0.5,0.5,1.0,0.46,-0.03714285714285714,0.0,0.0,-,0.0,-,0.0,0.0,0.46,-18.19,0.0,0.2
871,2018,삼성,outcount,1-1,3.0,3,3.0,0.0,0.0,0.0,0.0,0.0,1.0,0.0,0.0,0.0,0.0,0.0,0.0,0.0,0.0,1.0,0.0,0.0,0.0,0.0,0.0,-0.03714285714285714,0.0,33.3,0.0,0.0,-,0.0,0.0,-0.56,-,0.0,-0.95
871,2018,삼성,outcount,2-2,3.0,3,3.0,1.0,0.0,0.0,0.0,0.0,1.0,0.0,1.0,0.0,0.0,0.0,0.0,0.0,0.0,0.0,0.0,0.5,0.333,0.666,0.306,-0.03714285714285714,0.0,33.3,0.0,0.0,-,0.33,4.5,0.27,1.81,0.0,-0.11
871,2018,삼성,pitchside,left,1.0,1,1.0,0.0,0.0,0.0,0.0,0.0,0.0,0.0,0.0,0.0,0.0,0.0,0.0,0.0,0.0,0.0,0.0,0.0,0.0,0.0,0.0,-0.03714285714285714,0.0,0.0,-,0.0,-,0.0,0.0,-0.19,-,0.0,-0.32
871,2018,삼성,pitchside,right,4.0,5,5.0,1.0,0.0,0.0,0.0,0.0,2.0,0.0,1.0,0.0,0.0,0.0,0.0,0.0,0.0,1.0,0.0,0.333,0.2,0.4,0.184,-0.03714285714285714,0.0,40.0,0.0,0.0,-,0.0,0.0,-0.1,-11.52,0.0,-0.74
871,2018,삼성,total,total,8.0,6,6.0,1.0,0.0,0.0,0.0,0.0,2.0,0.0,1.0,0.0,0.0,0.0,0.0,0.0,0.0,1.0,0.0,0.25,0.167,0.334,0.146,-0.09,0.0,33.3,0.0,0.0,-,0.0,0.0,-0.33,-8.19,0.01,-1.17
871,2018,삼성,weekday,1-1,1.0,1,1.0,0.0,0.0,0.0,0.0,0.0,1.0,0.0,0.0,0.0,0.0,0.0,0.0,0.0,0.0,0.0,0.0,0.24862962962962964,0.0,0.0,0.0,-0.03714285714285714,0.0,100.0,0.0,0.0,-,0.0,0.0,-0.19,-,0.0,-0.32
871,2018,삼성,weekday,2-2,2.0,1,1.0,0.0,0.0,0.0,0.0,0.0,0.0,0.0,0.0,0.0,0.0,0.0,0.0,0.0,0.0,0.0,0.0,0.0,0.0,0.0,0.0,-0.03714285714285714,0.0,0.0,-,0.0,-,0.0,0.0,-0.19,-,0.0,-0.32
871,2018,삼성,weekday,5-5,2.0,3,3.0,1.0,0.0,0.0,0.0,0.0,1.0,0.0,1.0,0.0,0.0,0.0,0.0,0.0,0.0,0.0,0.0,0.5,0.333,0.666,0.306,-0.03714285714285714,0.0,33.3,0.0,0.0,-,0.33,4.5,0.27,1.81,0.0,-0.11
871,2018,삼성,weekday,6-6,3.0,1,1.0,0.0,0.0,0.0,0.0,0.0,0.0,0.0,0.0,0.0,0.0,0.0,0.0,0.0,0.0,1.0,0.0,0.0,0.0,0.0,0.0,-0.03714285714285714,0.0,0.0,-,0.0,-,0.0,0.0,-0.19,-,0.0,-0.32
871,2018,삼성,winlose,lose,6.0,5,5.0,1.0,0.0,0.0,0.0,0.0,2.0,0.0,1.0,0.0,0.0,0.0,0.0,0.0,0.0,1.0,0.0,0.333,0.2,0.4,0.184,-0.03714285714285714,0.0,40.0,0.0,0.0,-,0.0,0.0,-0.1,-11.52,0.0,-0.74
871,2018,삼성,winlose,win,2.0,1,1.0,0.0,0.0,0.0,0.0,0.0,0.0,0.0,0.0,0.0,0.0,0.0,0.0,0.0,0.0,0.0,0.0,0.0,0.0,0.0,0.0,-0.03714285714285714,0.0,0.0,-,0.0,-,0.0,0.0,-0.19,-,0.0,-0.32
871,2019,삼성,base,empty_base,25.0,27,26.0,6.0,0.0,0.0,0.0,1.0,9.0,0.0,5.0,1.0,0.0,0.0,0.0,0.0,0.0,0.0,0.0,0.353,0.231,0.528,0.244,-0.03714285714285714,3.7,33.3,0.11,0.038,-,1.88,2.54,0.94,1.81,0.02,-2.53
871,2019,삼성,base,first,8.0,3,3.0,1.0,0.0,1.0,0.0,0.0,2.0,0.0,1.0,0.0,0.0,0.0,0.0,0.0,0.0,0.0,0.0,1.0,0.333,0.666,0.306,-0.03714285714285714,0.0,66.7,0.0,0.0,-,0.33,4.5,0.27,6.81,0.0,-0.11
871,2019,삼성,base,first_second,3.0,1,1.0,0.0,0.0,0.0,0.0,0.0,0.0,0.0,0.0,0.0,0.0,0.0,0.0,0.0,0.0,0.0,0.0,0.0,0.0,0.0,0.0,-0.03714285714285714,0.0,0.0,-,0.0,-,0.0,0.0,-0.19,-,0.0,-0.32
871,2019,삼성,base,first_third,5.0,1,0.0,0.0,0.0,1.0,1.0,0.0,0.0,0.0,0.0,0.0,0.0,0.0,0.0,1.0,1.0,0.0,0.0,0.0,0.24240816326530612,0.6706326530612244,0.0,-0.03714285714285714,0.0,0.0,-,-,-,0.0,0.0,-0.19,-,0.0,-0.32
871,2019,삼성,base,full_base,1.0,0,0.0,0.0,0.0,1.0,0.0,0.0,0.0,0.0,0.0,0.0,0.0,0.0,0.0,0.0,0.0,0.0,0.0,0.28561363636363635,0.24240816326530612,0.6706326530612244,0.28080392156862743,-0.03714285714285714,-,-,-,-,-,0.7901960784313725,-,0.302156862745098,-,0.0,-
871,2019,삼성,base,on_base,14.0,14,13.0,2.0,0.0,5.0,2.0,0.0,7.0,0.0,2.0,0.0,0.0,0.0,0.0,1.0,1.0,0.0,0.0,0.286,0.154,0.297,0.131,-0.03714285714285714,0.0,50.0,0.0,0.0,-,0.36,0.81,-0.95,14.31,0.01,-2.74
871,2019,삼성,base,scoring_position,12.0,11,10.0,1.0,0.0,4.0,2.0,0.0,5.0,0.0,1.0,0.0,0.0,0.0,0.0,1.0,1.0,0.0,0.0,0.167,0.1,0.191,0.084,-0.03714285714285714,0.0,45.4,0.0,0.0,-,0.14,0.37,-1.22,21.81,0.0,-2.63
871,2019,삼성,base,second,4.0,2,2.0,0.0,0.0,0.0,0.0,0.0,0.0,0.0,0.0,0.0,0.0,0.0,0.0,0.0,0.0,0.0,0.0,0.0,0.0,0.0,0.0,-0.03714285714285714,0.0,0.0,-,0.0,-,0.0,0.0,-0.37,-,0.0,-0.63
871,2019,삼성,base,second_third,6.0,5,5.0,0.0,0.0,1.0,0.0,0.0,4.0,0.0,0.0,0.0,0.0,0.0,0.0,0.0,0.0,0.0,0.0,0.0,0.0,0.0,0.0,-0.03714285714285714,0.0,80.0,0.0,0.0,-,0.0,0.0,-0.93,-,0.0,-1.58
871,2019,삼성,base,third,3.0,2,2.0,1.0,0.0,1.0,1.0,0.0,1.0,0.0,1.0,0.0,0.0,0.0,0.0,0.0,0.0,0.0,0.0,1.0,0.5,1.0,0.46,-0.03714285714285714,0.0,50.0,0.0,0.0,-,0.5,13.5,0.46,6.81,0.0,0.2
871,2019,삼성,hitside,left,6.0,0,0.0,0.0,0.0,3.0,0.0,0.0,0.0,0.0,0.0,0.0,0.0,0.0,0.0,0.0,0.0,0.0,0.0,0.24833333333333332,0.1717142857142857,0.45871428571428574,0.20428571428571426,-0.03714285714285714,-,-,-,-,-,2.317142857142857,-,1.4471428571428573,-,0.0,-
871,2019,삼성,hitside,right,20.0,41,39.0,8.0,0.0,2.0,2.0,1.0,16.0,0.0,7.0,1.0,0.0,0.0,0.0,1.0,1.0,0.0,0.0,0.333,0.205,0.451,0.205,-0.03714285714285714,2.4,39.0,0.06,0.026,-,2.15,1.81,0.0,2.93,0.02,-5.27
871,2019,삼성,homeaway,away,16.0,24,24.0,5.0,0.0,2.0,1.0,0.0,10.0,0.0,4.0,1.0,0.0,0.0,0.0,0.0,0.0,0.0,0.0,0.357,0.208,0.458,0.206,-0.03714285714285714,0.0,41.7,0.0,0.042,-,1.25,1.78,0.01,3.81,0.01,-3.08
871,2019,삼성,homeaway,home,13.0,17,15.0,3.0,0.0,3.0,1.0,1.0,6.0,0.0,3.0,0.0,0.0,0.0,0.0,1.0,1.0,0.0,0.0,0.3,0.2,0.435,0.205,-0.03714285714285714,5.9,35.3,0.17,0.0,-,0.89,1.85,-0.01,5.56,0.01,-2.2
871,2019,삼성,month,3-3,4.0,3,3.0,1.0,0.0,1.0,0.0,0.0,1.0,0.0,1.0,0.0,0.0,0.0,0.0,0.0,0.0,0.0,0.0,0.5,0.333,0.666,0.306,-0.03714285714285714,0.0,33.3,0.0,0.0,-,0.33,4.5,0.27,6.81,0.0,-0.11
871,2019,삼성,month,4-4,5.0,12,11.0,3.0,0.0,1.0,1.0,0.0,5.0,0.0,3.0,0.0,0.0,0.0,0.0,1.0,1.0,0.0,0.0,0.429,0.273,0.523,0.23,-0.03714285714285714,0.0,41.7,0.0,0.0,-,0.88,2.64,0.26,3.48,0.01,-1.28
871,2019,삼성,month,5-5,4.0,2,2.0,0.0,0.0,0.0,0.0,0.0,0.0,0.0,0.0,0.0,0.0,0.0,0.0,0.0,0.0,0.0,0.0,0.0,0.0,0.0,0.0,-0.03714285714285714,0.0,0.0,-,0.0,-,0.0,0.0,-0.37,-,0.0,-0.63
871,2019,삼성,month,6-6,1.0,1,1.0,1.0,0.0,1.0,0.0,0.0,0.0,0.0,1.0,0.0,0.0,0.0,0.0,0.0,0.0,0.0,0.0,1.0,1.0,2.0,0.919,-0.03714285714285714,0.0,0.0,-,0.0,-,1.0,-,0.65,6.81,0.0,0.52
871,2019,삼성,month,7-7,3.0,3,3.0,0.0,0.0,0.0,0.0,0.0,1.0,0.0,0.0,0.0,0.0,0.0,0.0,0.0,0.0,0.0,0.0,0.0,0.0,0.0,0.0,-0.03714285714285714,0.0,33.3,0.0,0.0,-,0.0,0.0,-0.56,-,0.0,-0.95
871,2019,삼성,month,8-8,7.0,13,12.0,2.0,0.0,1.0,1.0,1.0,3.0,0.0,1.0,1.0,0.0,0.0,0.0,0.0,0.0,0.0,0.0,0.222,0.167,0.481,0.224,-0.03714285714285714,7.7,23.1,0.33,0.083,-,0.75,2.03,0.22,3.48,0.01,-1.45
871,2019,삼성,month,9-9,5.0,7,7.0,1.0,0.0,1.0,0.0,0.0,6.0,0.0,1.0,0.0,0.0,0.0,0.0,0.0,0.0,0.0,0.0,1.0,0.143,0.286,0.131,-0.03714285714285714,0.0,85.7,0.0,0.0,-,0.14,0.64,-0.47,6.81,0.0,-1.37
871,2019,삼성,opponent,team01,4.0,2,2.0,0.0,0.0,0.0,0.0,0.0,0.0,0.0,0.0,0.0,0.0,0.0,0.0,0.0,0.0,0.0,0.0,0.0,0.0,0.0,0.0,-0.03714285714285714,0.0,0.0,-,0.0,-,0.0,0.0,-0.37,-,0.0,-0.63
871,2019,삼성,opponent,team03,2.0,4,4.0,1.0,0.0,1.0,0.0,0.0,3.0,0.0,1.0,0.0,0.0,0.0,0.0,0.0,0.0,0.0,0.0,1.0,0.25,0.5,0.23,-0.03714285714285714,0.0,75.0,0.0,0.0,-,0.25,2.25,0.09,6.81,0.0,-0.43
871,2019,삼성,opponent,team04,3.0,2,2.0,0.0,0.0,0.0,0.0,0.0,1.0,0.0,0.0,0.0,0.0,0.0,0.0,0.0,0.0,0.0,0.0,0.0,0.0,0.0,0.0,-0.03714285714285714,0.0,50.0,0.0,0.0,-,0.0,0.0,-0.37,-,0.0,-0.63
871,2019,삼성,opponent,team05,3.0,5,5.0,1.0,0.0,0.0,1.0,0.0,1.0,0.0,1.0,0.0,0.0,0.0,0.0,0.0,0.0,0.0,0.0,0.25,0.2,0.4,0.184,-0.03714285714285714,0.0,20.0,0.0,0.0,-,0.2,1.35,-0.1,1.81,0.0,-0.74
871,2019,삼성,opponent,team06,2.0,5,5.0,3.0,0.0,1.0,0.0,0.0,1.0,0.0,3.0,0.0,0.0,0.0,0.0,0.0,0.0,0.0,0.0,0.75,0.6,1.2,0.551,-0.03714285714285714,0.0,20.0,0.0,0.0,-,1.8,24.3,1.57,3.48,0.01,0.93
871,2019,삼성,opponent,team07,3.0,3,3.0,0.0,0.0,0.0,0.0,0.0,2.0,0.0,0.0,0.0,0.0,0.0,0.0,0.0,0.0,0.0,0.0,0.0,0.0,0.0,0.0,-0.03714285714285714,0.0,66.7,0.0,0.0,-,0.0,0.0,-0.56,-,0.0,-0.95
871,2019,삼성,opponent,team08,3.0,5,5.0,0.0,0.0,0.0,0.0,0.0,3.0,0.0,0.0,0.0,0.0,0.0,0.0,0.0,0.0,0.0,0.0,0.0,0.0,0.0,0.0,-0.03714285714285714,0.0,60.0,0.0,0.0,-,0.0,0.0,-0.93,-,0.0,-1.58
871,2019,삼성,opponent,team09,4.0,6,5.0,1.0,0.0,1.0,0.0,1.0,2.0,0.0,1.0,0.0,0.0,0.0,0.0,0.0,0.0,0.0,0.0,0.333,0.2,0.533,0.274,-0.03714285714285714,16.7,33.3,0.5,0.0,-,0.42,2.84,0.37,4.31,0.01,-0.4
871,2019,삼성,outcount,0-0,11.0,14,14.0,5.0,0.0,1.0,0.0,0.0,4.0,0.0,4.0,1.0,0.0,0.0,0.0,0.0,0.0,0.0,0.0,0.5,0.357,0.786,0.353,-0.03714285714285714,0.0,28.6,0.0,0.072,-,2.14,6.43,1.88,2.81,0.01,0.08
871,2019,삼성,outcount,1-1,11.0,12,11.0,0.0,0.0,1.0,1.0,0.0,7.0,0.0,0.0,0.0,0.0,0.0,0.0,1.0,1.0,0.0,0.0,0.0,0.0,0.0,0.0,-0.03714285714285714,0.0,58.3,0.0,0.0,-,0.0,0.0,-2.24,-,0.0,-3.78
871,2019,삼성,outcount,2-2,13.0,15,14.0,3.0,0.0,3.0,1.0,1.0,5.0,0.0,3.0,0.0,0.0,0.0,0.0,0.0,0.0,0.0,0.0,0.333,0.214,0.481,0.232,-0.03714285714285714,6.7,33.3,0.2,0.0,-,0.87,2.13,0.36,5.56,0.01,-1.57
871,2019,삼성,pitchside,left,5.0,6,5.0,1.0,0.0,1.0,1.0,0.0,3.0,0.0,1.0,0.0,0.0,0.0,0.0,1.0,1.0,0.0,0.0,0.333,0.2,0.367,0.153,-0.03714285714285714,0.0,50.0,0.0,0.0,-,0.25,1.37,-0.29,6.81,0.0,-1.06
871,2019,삼성,pitchside,right,15.0,30,29.0,6.0,0.0,4.0,1.0,1.0,10.0,0.0,5.0,1.0,0.0,0.0,0.0,0.0,0.0,0.0,0.0,0.316,0.207,0.474,0.22,-0.03714285714285714,3.3,33.3,0.1,0.034,-,1.69,1.99,0.38,4.67,0.02,-3.47
871,2019,삼성,pitchside,unknown,4.0,5,5.0,1.0,0.0,0.0,0.0,0.0,3.0,0.0,1.0,0.0,0.0,0.0,0.0,0.0,0.0,0.0,0.0,0.5,0.2,0.4,0.184,-0.03714285714285714,0.0,60.0,0.0,0.0,-,0.2,1.35,-0.1,1.81,0.0,-0.74
871,2019,삼성,total,total,29.0,41,39.0,8.0,0.0,5.0,2.0,1.0,16.0,0.0,7.0,1.0,0.0,0.0,0.0,1.0,1.0,0.0,0.0,0.333,0.205,0.451,0.205,-0.24,2.4,39.0,0.06,0.026,-,2.21,1.86,0.29,4.59,0.01,-4.53
871,2019,삼성,weekday,1-1,3.0,2,2.0,0.0,0.0,0.0,0.0,0.0,1.0,0.0,0.0,0.0,0.0,0.0,0.0,0.0,0.0,0.0,0.0,0.0,0.0,0.0,0.0,-0.03714285714285714,0.0,50.0,0.0,0.0,-,0.0,0.0,-0.37,-,0.0,-0.63
871,2019,삼성,weekday,2-2,5.0,4,4.0,1.0,0.0,1.0,0.0,0.0,1.0,0.0,1.0,0.0,0.0,0.0,0.0,0.0,0.0,0.0,0.0,0.333,0.25,0.5,0.23,-0.03714285714285714,0.0,25.0,0.0,0.0,-,0.25,2.25,0.09,6.81,0.0,-0.43
871,2019,삼성,weekday,3-3,4.0,9,8.0,1.0,0.0,1.0,0.0,1.0,5.0,0.0,1.0,0.0,0.0,0.0,0.0,0.0,0.0,0.0,0.0,0.333,0.125,0.347,0.183,-0.03714285714285714,11.1,55.6,0.2,0.0,-,0.28,1.08,-0.19,4.31,0.01,-1.34
871,2019,삼성,weekday,4-4,4.0,8,8.0,3.0,0.0,1.0,0.0,0.0,3.0,0.0,2.0,1.0,0.0,0.0,0.0,0.0,0.0,0.0,0.0,0.6,0.375,0.875,0.388,-0.03714285714285714,0.0,37.5,0.0,0.125,-,1.5,8.1,1.33,3.48,0.01,0.3
871,2019,삼성,weekday,5-5,6.0,7,7.0,0.0,0.0,0.0,0.0,0.0,5.0,0.0,0.0,0.0,0.0,0.0,0.0,0.0,0.0,0.0,0.0,0.0,0.0,0.0,0.0,-0.03714285714285714,0.0,71.4,0.0,0.0,-,0.0,0.0,-1.31,-,0.0,-2.21
871,2019,삼성,weekday,6-6,7.0,11,10.0,3.0,0.0,2.0,2.0,0.0,1.0,0.0,3.0,0.0,0.0,0.0,0.0,1.0,1.0,0.0,0.0,0.3,0.3,0.573,0.251,-0.03714285714285714,0.0,9.1,0.0,0.0,-,0.96,3.24,0.45,5.15,0.01,-0.96
871,2019,삼성,winlose,lose,20.0,24,23.0,4.0,0.0,2.0,0.0,1.0,10.0,0.0,3.0,1.0,0.0,0.0,0.0,0.0,0.0,0.0,0.0,0.308,0.174,0.425,0.198,-0.03714285714285714,4.2,41.7,0.1,0.043,-,1.1,1.56,-0.17,3.81,0.01,-3.25
871,2019,삼성,winlose,win,9.0,17,16.0,4.0,0.0,3.0,2.0,0.0,6.0,0.0,4.0,0.0,0.0,0.0,0.0,1.0,1.0,0.0,0.0,0.364,0.25,0.485,0.216,-0.03714285714285714,0.0,35.3,0.0,0.0,-,1.06,2.21,0.17,5.56,0.01,-2.02
871,2020,삼성,base,empty_base,16.0,14,13.0,3.0,0.0,0.0,0.0,1.0,4.0,0.0,3.0,0.0,0.0,0.0,0.0,0.0,0.0,0.0,0.0,0.333,0.231,0.517,0.249,-0.03714285714285714,7.1,28.6,0.25,0.0,-,0.93,2.51,0.55,1.81,0.01,-1.25
871,2020,삼성,base,first,6.0,4,3.0,0.0,0.0,0.0,0.0,1.0,0.0,0.0,0.0,0.0,0.0,0.0,0.0,0.0,0.0,0.0,0.0,0.0,0.0,0.25,0.181,-0.03714285714285714,25.0,0.0,-,0.0,-,0.07,0.59,-0.09,1.81,0.0,-0.6
871,2020,삼성,base,first_second,6.0,2,1.0,0.0,0.0,0.0,0.0,0.0,0.0,0.0,0.0,0.0,0.0,0.0,0.0,0.0,1.0,0.0,0.0,0.0,0.0,0.0,0.0,-0.03714285714285714,0.0,0.0,-,0.0,-,0.0,0.0,-0.37,-,0.0,-0.63
871,2020,삼성,base,first_third,2.0,1,1.0,1.0,0.0,0.0,1.0,0.0,0.0,0.0,1.0,0.0,0.0,0.0,0.0,0.0,0.0,0.0,0.0,1.0,1.0,2.0,0.919,-0.03714285714285714,0.0,0.0,-,0.0,-,1.0,-,0.65,1.81,0.0,0.52
871,2020,삼성,base,full_base,2.0,0,0.0,0.0,0.0,2.0,0.0,0.0,0.0,0.0,0.0,0.0,0.0,0.0,0.0,0.0,0.0,0.0,0.0,0.28561363636363635,0.24240816326530612,0.6706326530612244,0.28080392156862743,-0.03714285714285714,-,-,-,-,-,0.7901960784313725,-,0.302156862745098,-,0.0,-
871,2020,삼성,base,on_base,9.0,12,10.0,1.0,0.0,3.0,1.0,1.0,2.0,0.0,1.0,0.0,0.0,0.0,0.0,0.0,1.0,0.0,0.0,0.125,0.1,0.282,0.149,-0.03714285714285714,8.3,16.7,0.5,0.0,-,0.3,0.8,-0.61,9.31,0.01,-2.15
871,2020,삼성,base,scoring_position,8.0,8,7.0,1.0,0.0,3.0,1.0,0.0,2.0,0.0,1.0,0.0,0.0,0.0,0.0,0.0,1.0,0.0,0.0,0.2,0.143,0.286,0.131,-0.03714285714285714,0.0,25.0,0.0,0.0,-,0.19,0.73,-0.54,16.81,0.0,-1.57
871,2020,삼성,base,second,4.0,4,4.0,0.0,0.0,0.0,0.0,0.0,1.0,0.0,0.0,0.0,0.0,0.0,0.0,0.0,0.0,0.0,0.0,0.0,0.0,0.0,0.0,-0.03714285714285714,0.0,25.0,0.0,0.0,-,0.0,0.0,-0.75,-,0.0,-1.26
871,2020,삼성,base,second_third,1.0,0,0.0,0.0,0.0,1.0,0.0,0.0,0.0,0.0,0.0,0.0,0.0,0.0,0.0,0.0,0.0,0.0,0.0,0.28561363636363635,0.24240816326530612,0.6706326530612244,0.28080392156862743,-0.03714285714285714,-,-,-,-,-,0.7901960784313725,-,0.302156862745098,-,0.0,-
871,2020,삼성,base,third,1.0,1,1.0,0.0,0.0,0.0,0.0,0.0,1.0,0.0,0.0,0.0,0.0,0.0,0.0,0.0,0.0,0.0,0.0,0.28561363636363635,0.0,0.0,0.0,-0.03714285714285714,0.0,100.0,0.0,0.0,-,0.0,0.0,-0.19,-,0.0,-0.32
871,2020,삼성,hitside,left,3.0,0,0.0,0.0,0.0,1.0,0.0,0.0,0.0,0.0,0.0,0.0,0.0,0.0,0.0,0.0,0.0,0.0,0.0,0.24833333333333332,0.1717142857142857,0.45871428571428574,0.20428571428571426,-0.03714285714285714,-,-,-,-,-,2.317142857142857,-,1.4471428571428573,-,0.0,-
871,2020,삼성,hitside,right,10.0,26,23.0,4.0,0.0,2.0,1.0,2.0,6.0,0.0,4.0,0.0,0.0,0.0,0.0,0.0,1.0,0.0,0.0,0.235,0.174,0.414,0.205,-0.03714285714285714,7.7,23.1,0.33,0.0,-,1.16,1.57,-0.01,3.48,0.02,-3.35
871,2020,삼성,homeaway,away,9.0,14,12.0,3.0,0.0,2.0,1.0,2.0,2.0,0.0,3.0,0.0,0.0,0.0,0.0,0.0,0.0,0.0,0.0,0.3,0.25,0.607,0.3,-0.03714285714285714,14.3,14.3,1.0,0.0,-,1.26,3.77,1.21,3.81,0.01,-0.59
871,2020,삼성,homeaway,home,8.0,12,11.0,1.0,0.0,1.0,0.0,0.0,4.0,0.0,1.0,0.0,0.0,0.0,0.0,0.0,1.0,0.0,0.0,0.143,0.091,0.182,0.084,-0.03714285714285714,0.0,33.3,0.0,0.0,-,0.13,0.31,-1.33,6.81,0.0,-2.87
871,2020,삼성,month,6-6,9.0,12,11.0,2.0,0.0,0.0,1.0,1.0,3.0,0.0,2.0,0.0,0.0,0.0,0.0,0.0,0.0,0.0,0.0,0.25,0.182,0.432,0.214,-0.03714285714285714,8.3,25.0,0.33,0.0,-,0.57,1.7,0.09,1.81,0.01,-1.45
871,2020,삼성,month,7-7,7.0,13,11.0,2.0,0.0,3.0,0.0,1.0,3.0,0.0,2.0,0.0,0.0,0.0,0.0,0.0,1.0,0.0,0.0,0.25,0.182,0.432,0.214,-0.03714285714285714,7.7,23.1,0.33,0.0,-,0.64,1.73,0.09,6.81,0.01,-1.58
871,2020,삼성,month,8-8,1.0,1,1.0,0.0,0.0,0.0,0.0,0.0,0.0,0.0,0.0,0.0,0.0,0.0,0.0,0.0,0.0,0.0,0.0,0.0,0.0,0.0,0.0,-0.03714285714285714,0.0,0.0,-,0.0,-,0.0,0.0,-0.19,-,0.0,-0.32
871,2020,삼성,opponent,team01,1.0,0,0.0,0.0,0.0,0.0,0.0,0.0,0.0,0.0,0.0,0.0,0.0,0.0,0.0,0.0,0.0,0.0,0.0,0.23259375,0.18270588235294116,0.535235294117647,0.23291176470588237,-0.03714285714285714,-,-,-,-,-,0.7135294117647059,-,0.2705882352941177,-,0.0,-
871,2020,삼성,opponent,team03,5.0,8,7.0,1.0,0.0,0.0,1.0,0.0,0.0,0.0,1.0,0.0,0.0,0.0,0.0,0.0,1.0,0.0,0.0,0.143,0.143,0.286,0.131,-0.03714285714285714,0.0,0.0,-,0.0,-,0.19,0.73,-0.54,1.81,0.0,-1.57
871,2020,삼성,opponent,team04,3.0,5,4.0,0.0,0.0,1.0,0.0,1.0,1.0,0.0,0.0,0.0,0.0,0.0,0.0,0.0,0.0,0.0,0.0,0.0,0.0,0.2,0.145,-0.03714285714285714,20.0,20.0,1.0,0.0,-,0.05,0.35,-0.28,6.81,0.0,-0.92
871,2020,삼성,opponent,team05,1.0,2,2.0,1.0,0.0,1.0,0.0,0.0,1.0,0.0,1.0,0.0,0.0,0.0,0.0,0.0,0.0,0.0,0.0,1.0,0.5,1.0,0.46,-0.03714285714285714,0.0,50.0,0.0,0.0,-,0.5,13.5,0.46,6.81,0.0,0.2
871,2020,삼성,opponent,team06,1.0,0,0.0,0.0,0.0,0.0,0.0,0.0,0.0,0.0,0.0,0.0,0.0,0.0,0.0,0.0,0.0,0.0,0.0,0.23259375,0.18270588235294116,0.535235294117647,0.23291176470588237,-0.03714285714285714,-,-,-,-,-,0.7135294117647059,-,0.2705882352941177,-,0.0,-
871,2020,삼성,opponent,team08,3.0,3,3.0,0.0,0.0,0.0,0.0,0.0,2.0,0.0,0.0,0.0,0.0,0.0,0.0,0.0,0.0,0.0,0.0,0.0,0.0,0.0,0.0,-0.03714285714285714,0.0,66.7,0.0,0.0,-,0.0,0.0,-0.56,-,0.0,-0.95
871,2020,삼성,opponent,team09,2.0,4,3.0,1.0,0.0,0.0,0.0,1.0,1.0,0.0,1.0,0.0,0.0,0.0,0.0,0.0,0.0,0.0,0.0,0.5,0.333,0.833,0.411,-0.03714285714285714,25.0,25.0,1.0,0.0,-,0.63,8.51,0.75,1.81,0.01,0.23
871,2020,삼성,outcount,0-0,7.0,8,6.0,1.0,0.0,0.0,0.0,1.0,1.0,0.0,1.0,0.0,0.0,0.0,0.0,0.0,1.0,0.0,0.0,0.2,0.167,0.453,0.235,-0.03714285714285714,12.5,12.5,1.0,0.0,-,0.45,2.0,0.21,1.81,0.01,-0.82
871,2020,삼성,outcount,1-1,7.0,12,12.0,3.0,0.0,3.0,1.0,0.0,3.0,0.0,3.0,0.0,0.0,0.0,0.0,0.0,0.0,0.0,0.0,0.333,0.25,0.5,0.23,-0.03714285714285714,0.0,25.0,0.0,0.0,-,0.75,2.25,0.26,6.81,0.01,-1.28
871,2020,삼성,outcount,2-2,5.0,6,5.0,0.0,0.0,0.0,0.0,1.0,2.0,0.0,0.0,0.0,0.0,0.0,0.0,0.0,0.0,0.0,0.0,0.0,0.0,0.167,0.121,-0.03714285714285714,16.7,33.3,0.5,0.0,-,0.04,0.23,-0.46,1.81,0.0,-1.23
871,2020,삼성,pitchside,left,6.0,10,8.0,2.0,0.0,2.0,1.0,1.0,2.0,0.0,2.0,0.0,0.0,0.0,0.0,0.0,1.0,0.0,0.0,0.333,0.25,0.583,0.285,-0.03714285714285714,10.0,20.0,0.5,0.0,-,0.83,3.22,0.72,5.15,0.01,-0.57
871,2020,삼성,pitchside,right,6.0,12,11.0,2.0,0.0,1.0,0.0,1.0,4.0,0.0,2.0,0.0,0.0,0.0,0.0,0.0,0.0,0.0,0.0,0.286,0.182,0.432,0.214,-0.03714285714285714,8.3,33.3,0.25,0.0,-,0.57,1.7,0.09,3.48,0.01,-1.45
871,2020,삼성,pitchside,unknown,3.0,4,4.0,0.0,0.0,0.0,0.0,0.0,0.0,0.0,0.0,0.0,0.0,0.0,0.0,0.0,0.0,0.0,0.0,0.0,0.0,0.0,0.0,-0.03714285714285714,0.0,0.0,-,0.0,-,0.0,0.0,-0.75,-,0.0,-1.26
871,2020,삼성,total,total,17.0,26,23.0,4.0,0.0,3.0,1.0,2.0,6.0,0.0,4.0,0.0,0.0,0.0,0.0,0.0,1.0,0.0,0.0,0.235,0.174,0.414,0.205,-0.2,7.7,23.1,0.33,0.0,-,1.16,1.57,0.05,4.31,0.03,-3.36
871,2020,삼성,weekday,1-1,2.0,1,0.0,0.0,0.0,1.0,0.0,1.0,0.0,0.0,0.0,0.0,0.0,0.0,0.0,0.0,0.0,0.0,0.0,0.24862962962962964,0.17464516129032256,0.47216129032258064,0.724,-0.03714285714285714,100.0,0.0,-,-,-,0.26,-,0.47,-,0.0,0.34
871,2020,삼성,weekday,2-2,2.0,1,1.0,0.0,0.0,0.0,0.0,0.0,1.0,0.0,0.0,0.0,0.0,0.0,0.0,0.0,0.0,0.0,0.0,0.24862962962962964,0.0,0.0,0.0,-0.03714285714285714,0.0,100.0,0.0,0.0,-,0.0,0.0,-0.19,-,0.0,-0.32
871,2020,삼성,weekday,3-3,3.0,5,4.0,0.0,0.0,0.0,0.0,0.0,1.0,0.0,0.0,0.0,0.0,0.0,0.0,0.0,1.0,0.0,0.0,0.0,0.0,0.0,0.0,-0.03714285714285714,0.0,20.0,0.0,0.0,-,0.0,0.0,-0.93,-,0.0,-1.58
871,2020,삼성,weekday,4-4,4.0,11,10.0,2.0,0.0,1.0,0.0,1.0,3.0,0.0,2.0,0.0,0.0,0.0,0.0,0.0,0.0,0.0,0.0,0.286,0.2,0.473,0.233,-0.03714285714285714,9.1,27.3,0.33,0.0,-,0.62,2.08,0.27,3.48,0.01,-1.14
871,2020,삼성,weekday,5-5,3.0,3,3.0,1.0,0.0,1.0,0.0,0.0,1.0,0.0,1.0,0.0,0.0,0.0,0.0,0.0,0.0,0.0,0.0,0.5,0.333,0.666,0.306,-0.03714285714285714,0.0,33.3,0.0,0.0,-,0.33,4.5,0.27,6.81,0.0,-0.11
871,2020,삼성,weekday,6-6,3.0,5,5.0,1.0,0.0,0.0,1.0,0.0,0.0,0.0,1.0,0.0,0.0,0.0,0.0,0.0,0.0,0.0,0.0,0.2,0.2,0.4,0.184,-0.03714285714285714,0.0,0.0,-,0.0,-,0.2,1.35,-0.1,1.81,0.0,-0.74
871,2020,삼성,winlose,lose,9.0,10,10.0,1.0,0.0,1.0,0.0,0.0,3.0,0.0,1.0,0.0,0.0,0.0,0.0,0.0,0.0,0.0,0.0,0.143,0.1,0.2,0.092,-0.03714285714285714,0.0,30.0,0.0,0.0,-,0.1,0.3,-1.03,6.81,0.0,-2.32
871,2020,삼성,winlose,win,8.0,16,13.0,3.0,0.0,2.0,1.0,2.0,3.0,0.0,3.0,0.0,0.0,0.0,0.0,0.0,1.0,0.0,0.0,0.3,0.231,0.564,0.28,-0.03714285714285714,12.5,18.8,0.67,0.0,-,1.26,3.1,1.09,3.81,0.01,-0.97
871,2021,삼성,base,empty_base,34.0,43,39.0,10.0,1.0,1.0,1.0,3.0,7.0,0.0,6.0,3.0,0.0,0.0,1.0,0.0,0.0,0.0,0.0,0.29,0.256,0.736,0.331,-0.03714285714285714,7.0,16.3,0.43,0.154,39.0,5.55,5.17,4.89,1.81,0.03,-0.63
871,2021,삼성,base,first,21.0,16,14.0,5.0,2.0,2.0,4.0,1.0,1.0,0.0,2.0,1.0,0.0,0.0,0.0,0.0,1.0,2.0,0.0,0.273,0.357,1.257,0.516,-0.03714285714285714,6.2,6.2,1.0,0.5,7.0,3.2,7.19,4.52,-5.46,0.01,2.46
871,2021,삼성,base,first_second,16.0,8,6.0,1.0,0.0,1.0,0.0,1.0,3.0,0.0,1.0,0.0,0.0,0.0,0.0,0.0,1.0,0.0,0.0,0.333,0.167,0.453,0.235,-0.03714285714285714,12.5,37.5,0.33,0.0,-,0.45,2.0,0.21,4.31,0.01,-0.82
871,2021,삼성,base,first_third,7.0,4,4.0,2.0,0.0,1.0,3.0,0.0,0.0,0.0,1.0,1.0,0.0,0.0,0.0,0.0,0.0,0.0,0.0,0.5,0.5,1.25,0.546,-0.03714285714285714,0.0,0.0,-,0.25,-,1.5,20.25,1.24,4.31,0.0,0.73
871,2021,삼성,base,full_base,5.0,1,1.0,1.0,0.0,1.0,1.0,0.0,0.0,0.0,1.0,0.0,0.0,0.0,0.0,0.0,0.0,0.0,0.0,1.0,1.0,2.0,0.919,-0.03714285714285714,0.0,0.0,-,0.0,-,1.0,-,0.65,6.81,0.0,0.52
871,2021,삼성,base,on_base,35.0,44,37.0,10.0,2.0,8.0,12.0,3.0,6.0,0.0,6.0,2.0,0.0,0.0,0.0,2.0,4.0,2.0,0.0,0.258,0.27,0.796,0.337,-0.03714285714285714,6.8,13.6,0.5,0.216,18.5,5.22,4.27,5.24,1.78,0.03,-0.42
871,2021,삼성,base,scoring_position,33.0,28,23.0,5.0,0.0,6.0,8.0,2.0,5.0,0.0,4.0,1.0,0.0,0.0,0.0,2.0,3.0,0.0,0.0,0.25,0.217,0.52,0.237,-0.03714285714285714,7.1,17.9,0.4,0.044,-,2.02,2.6,0.79,6.1,0.02,-2.8
871,2021,삼성,base,second,12.0,9,8.0,0.0,0.0,1.0,0.0,1.0,2.0,0.0,0.0,0.0,0.0,0.0,0.0,0.0,0.0,0.0,0.0,0.0,0.0,0.111,0.08,-0.03714285714285714,11.1,22.2,0.5,0.0,-,0.03,0.1,-1.02,6.81,0.0,-2.18
871,2021,삼성,base,second_third,8.0,5,4.0,1.0,0.0,2.0,3.0,0.0,0.0,0.0,1.0,0.0,0.0,0.0,0.0,1.0,1.0,0.0,0.0,0.2,0.25,0.45,0.184,-0.03714285714285714,0.0,0.0,-,0.0,-,0.3,2.05,-0.1,11.81,0.0,-0.74
871,2021,삼성,base,third,2.0,1,0.0,0.0,0.0,0.0,1.0,0.0,0.0,0.0,0.0,0.0,0.0,0.0,0.0,1.0,1.0,0.0,0.0,0.0,0.24240816326530612,0.6706326530612244,0.0,-0.03714285714285714,0.0,0.0,-,-,-,0.0,0.0,-0.19,-,0.0,-0.32
871,2021,삼성,hitside,left,17.0,0,0.0,0.0,0.0,3.0,0.0,0.0,0.0,0.0,0.0,0.0,0.0,0.0,0.0,0.0,0.0,0.0,0.0,0.24833333333333332,0.1717142857142857,0.45871428571428574,0.20428571428571426,-0.03714285714285714,-,-,-,-,-,2.317142857142857,-,1.4471428571428573,-,0.0,-
871,2021,삼성,hitside,right,38.0,87,76.0,20.0,3.0,6.0,13.0,6.0,13.0,0.0,12.0,5.0,0.0,0.0,1.0,2.0,4.0,2.0,0.0,0.274,0.263,0.765,0.334,-0.03714285714285714,6.9,14.9,0.46,0.184,25.33,10.89,4.74,10.13,1.16,0.05,-1.05
871,2021,삼성,homeaway,away,24.0,46,41.0,10.0,0.0,3.0,5.0,3.0,8.0,0.0,9.0,1.0,0.0,0.0,0.0,0.0,2.0,0.0,0.0,0.303,0.244,0.563,0.266,-0.03714285714285714,6.5,17.4,0.38,0.024,-,3.62,2.96,2.53,2.97,0.03,-3.38
871,2021,삼성,homeaway,home,23.0,41,35.0,10.0,3.0,6.0,8.0,3.0,5.0,0.0,3.0,4.0,0.0,0.0,1.0,2.0,2.0,2.0,0.0,0.241,0.286,0.998,0.406,-0.03714285714285714,7.3,12.2,0.6,0.371,11.67,7.34,6.83,7.47,0.52,0.02,2.2
871,2021,삼성,month,10-10,5.0,0,0.0,0.0,0.0,0.0,0.0,0.0,0.0,0.0,0.0,0.0,0.0,0.0,0.0,0.0,0.0,0.0,0.0,0.27586363636363637,0.22616666666666665,0.630875,0.27545833333333336,-0.03714285714285714,-,-,-,-,-,0.8825,-,0.4229166666666666,-,0.0,-
871,2021,삼성,month,4-4,8.0,14,11.0,5.0,0.0,0.0,0.0,2.0,2.0,0.0,5.0,0.0,0.0,0.0,0.0,0.0,1.0,1.0,0.0,0.556,0.455,0.993,0.465,-0.03714285714285714,14.3,14.3,1.0,0.0,-,2.59,8.74,3.3,-2.63,0.02,1.5
871,2021,삼성,month,5-5,12.0,32,29.0,9.0,2.0,6.0,4.0,3.0,2.0,0.0,3.0,4.0,0.0,0.0,0.0,0.0,0.0,1.0,0.0,0.28,0.31,1.03,0.435,-0.03714285714285714,9.4,6.2,1.5,0.345,14.5,6.8,8.74,6.67,2.21,0.02,2.55
871,2021,삼성,month,6-6,11.0,21,18.0,3.0,1.0,1.0,4.0,0.0,4.0,0.0,2.0,0.0,0.0,0.0,1.0,1.0,2.0,0.0,0.0,0.143,0.167,0.533,0.229,-0.03714285714285714,0.0,19.0,0.0,0.166,18.0,1.39,2.21,0.44,1.81,0.01,-2.26
871,2021,삼성,month,7-7,1.0,1,1.0,0.0,0.0,0.0,0.0,0.0,0.0,0.0,0.0,0.0,0.0,0.0,0.0,0.0,0.0,0.0,0.0,0.0,0.0,0.0,0.0,-0.03714285714285714,0.0,0.0,-,0.0,-,0.0,0.0,-0.19,-,0.0,-0.32
871,2021,삼성,month,8-8,5.0,12,11.0,3.0,0.0,1.0,5.0,0.0,2.0,0.0,2.0,1.0,0.0,0.0,0.0,1.0,1.0,0.0,0.0,0.3,0.273,0.614,0.259,-0.03714285714285714,0.0,16.7,0.0,0.091,-,1.13,3.39,0.58,3.48,0.01,-0.96
871,2021,삼성,month,9-9,5.0,7,6.0,0.0,0.0,1.0,0.0,1.0,3.0,0.0,0.0,0.0,0.0,0.0,0.0,0.0,0.0,0.0,0.0,0.0,0.0,0.143,0.103,-0.03714285714285714,14.3,42.9,0.33,0.0,-,0.04,0.17,-0.65,6.81,0.0,-1.55
871,2021,삼성,opponent,team01,9.0,12,10.0,2.0,0.0,1.0,1.0,1.0,3.0,0.0,2.0,0.0,0.0,0.0,0.0,1.0,1.0,0.0,0.0,0.25,0.2,0.45,0.214,-0.03714285714285714,8.3,25.0,0.33,0.0,-,0.7,2.09,0.09,3.48,0.01,-1.45
871,2021,삼성,opponent,team03,4.0,8,8.0,0.0,0.0,0.0,0.0,0.0,3.0,0.0,0.0,0.0,0.0,0.0,0.0,0.0,0.0,0.0,0.0,0.0,0.0,0.0,0.0,-0.03714285714285714,0.0,37.5,0.0,0.0,-,0.0,0.0,-1.5,-,0.0,-2.52
871,2021,삼성,opponent,team04,3.0,2,2.0,0.0,0.0,0.0,0.0,0.0,1.0,0.0,0.0,0.0,0.0,0.0,0.0,0.0,0.0,0.0,0.0,0.0,0.0,0.0,0.0,-0.03714285714285714,0.0,50.0,0.0,0.0,-,0.0,0.0,-0.37,-,0.0,-0.63
871,2021,삼성,opponent,team05,3.0,5,4.0,2.0,1.0,2.0,3.0,1.0,1.0,0.0,1.0,0.0,0.0,0.0,0.0,0.0,0.0,0.0,0.0,0.5,0.5,1.85,0.72,-0.03714285714285714,20.0,20.0,1.0,0.75,4.0,3.16,42.61,2.34,4.31,0.01,1.7
871,2021,삼성,opponent,team07,6.0,9,7.0,1.0,0.0,0.0,0.0,1.0,1.0,0.0,1.0,0.0,0.0,0.0,1.0,0.0,0.0,1.0,0.0,0.167,0.143,0.476,0.269,-0.03714285714285714,11.1,11.1,1.0,0.0,-,0.34,1.3,0.52,-4.85,0.01,-0.64
871,2021,삼성,opponent,team08,4.0,5,4.0,1.0,0.0,1.0,2.0,0.0,1.0,0.0,1.0,0.0,0.0,0.0,0.0,1.0,1.0,0.0,0.0,0.25,0.25,0.45,0.184,-0.03714285714285714,0.0,20.0,0.0,0.0,-,0.3,2.05,-0.1,6.81,0.0,-0.74
871,2021,삼성,opponent,team09,8.0,22,18.0,9.0,2.0,4.0,3.0,3.0,1.0,0.0,3.0,4.0,0.0,0.0,0.0,0.0,1.0,1.0,0.0,0.467,0.5,1.627,0.662,-0.03714285714285714,13.6,4.6,3.0,0.556,9.0,10.15,24.91,9.14,0.15,0.02,6.31
871,2021,삼성,outcount,0-0,17.0,26,20.0,3.0,0.0,0.0,1.0,3.0,3.0,0.0,1.0,2.0,0.0,0.0,0.0,1.0,3.0,1.0,0.0,0.167,0.15,0.5,0.234,-0.03714285714285714,11.5,11.5,1.0,0.1,-,1.41,1.81,0.68,-0.54,0.01,-2.66
871,2021,삼성,outcount,1-1,28.0,35,32.0,12.0,3.0,8.0,8.0,1.0,7.0,0.0,7.0,2.0,0.0,0.0,1.0,1.0,1.0,1.0,0.0,0.391,0.375,1.119,0.467,-0.03714285714285714,2.9,20.0,0.14,0.344,10.67,8.93,10.96,8.31,2.77,0.03,3.81
871,2021,삼성,outcount,2-2,26.0,26,24.0,5.0,0.0,1.0,4.0,2.0,3.0,0.0,4.0,1.0,0.0,0.0,0.0,0.0,0.0,0.0,0.0,0.238,0.208,0.519,0.246,-0.03714285714285714,7.7,11.5,0.67,0.042,-,1.76,2.49,0.95,2.53,0.02,-2.39
871,2021,삼성,pitchside,left,7.0,7,5.0,2.0,1.0,2.0,3.0,1.0,1.0,0.0,1.0,0.0,0.0,0.0,0.0,0.0,1.0,0.0,0.0,0.333,0.4,1.5,0.6,-0.03714285714285714,14.3,14.3,1.0,0.6,5.0,2.48,16.72,2.51,4.31,0.01,1.61
871,2021,삼성,pitchside,right,32.0,71,62.0,15.0,2.0,6.0,8.0,5.0,12.0,0.0,9.0,4.0,0.0,0.0,1.0,2.0,3.0,2.0,0.0,0.26,0.242,0.703,0.309,-0.03714285714285714,7.0,16.9,0.42,0.161,31.0,7.53,3.91,6.69,1.32,0.04,-2.43
871,2021,삼성,pitchside,unknown,5.0,9,9.0,3.0,0.0,1.0,2.0,0.0,0.0,0.0,2.0,1.0,0.0,0.0,0.0,0.0,0.0,0.0,0.0,0.333,0.333,0.777,0.345,-0.03714285714285714,0.0,0.0,-,0.111,-,1.33,6.0,1.14,3.48,0.01,-0.02
871,2021,삼성,total,total,47.0,87,76.0,20.0,3.0,9.0,13.0,6.0,13.0,0.0,12.0,5.0,0.0,0.0,1.0,2.0,4.0,2.0,0.0,0.274,0.263,0.765,0.337,0.5,6.9,14.9,0.46,0.184,25.33,10.94,4.76,10.62,1.84,-0.01,-0.08
871,2021,삼성,weekday,1-1,7.0,12,11.0,2.0,0.0,0.0,1.0,0.0,0.0,0.0,2.0,0.0,0.0,0.0,0.0,1.0,1.0,0.0,0.0,0.167,0.182,0.349,0.153,-0.03714285714285714,0.0,0.0,-,0.0,-,0.42,1.13,-0.57,1.81,0.01,-2.11
871,2021,삼성,weekday,2-2,8.0,12,10.0,1.0,0.0,0.0,0.0,1.0,3.0,0.0,1.0,0.0,0.0,0.0,0.0,0.0,1.0,0.0,0.0,0.143,0.1,0.282,0.149,-0.03714285714285714,8.3,25.0,0.33,0.0,-,0.3,0.8,-0.61,1.81,0.01,-2.15
871,2021,삼성,weekday,3-3,8.0,13,11.0,2.0,0.0,0.0,2.0,1.0,1.0,0.0,2.0,0.0,0.0,0.0,0.0,1.0,1.0,1.0,0.0,0.182,0.182,0.413,0.197,-0.03714285714285714,7.7,7.7,1.0,0.0,-,0.43,1.05,-0.1,-2.19,0.01,-1.77
871,2021,삼성,weekday,4-4,7.0,19,16.0,5.0,1.0,2.0,1.0,1.0,4.0,0.0,3.0,1.0,0.0,0.0,1.0,0.0,1.0,0.0,0.0,0.364,0.313,0.952,0.416,-0.03714285714285714,5.3,21.0,0.25,0.25,16.0,3.7,8.32,3.63,3.06,0.01,1.19
871,2021,삼성,weekday,5-5,12.0,18,16.0,7.0,1.0,4.0,5.0,2.0,3.0,0.0,4.0,2.0,0.0,0.0,0.0,0.0,0.0,0.0,0.0,0.5,0.438,1.25,0.534,-0.03714285714285714,11.1,16.7,0.67,0.312,16.0,6.26,18.78,5.38,3.69,0.02,3.06
871,2021,삼성,weekday,6-6,5.0,13,12.0,3.0,1.0,3.0,4.0,1.0,2.0,0.0,0.0,2.0,0.0,0.0,0.0,0.0,0.0,1.0,0.0,0.222,0.25,0.975,0.401,-0.03714285714285714,7.7,15.4,0.5,0.417,12.0,1.91,5.15,2.31,0.7,0.0,0.64
871,2021,삼성,winlose,draw,1.0,2,2.0,0.0,0.0,1.0,0.0,0.0,1.0,0.0,0.0,0.0,0.0,0.0,0.0,0.0,0.0,0.0,0.0,0.0,0.0,0.0,0.0,-0.03714285714285714,0.0,50.0,0.0,0.0,-,0.0,0.0,-0.37,-,0.0,-0.63
871,2021,삼성,winlose,lose,30.0,59,51.0,11.0,0.0,3.0,5.0,6.0,9.0,0.0,8.0,3.0,0.0,0.0,1.0,0.0,1.0,1.0,0.0,0.262,0.216,0.585,0.281,-0.03714285714285714,10.2,15.2,0.67,0.059,-,4.71,3.03,4.03,1.8,0.04,-3.55
871,2021,삼성,winlose,win,16.0,26,23.0,9.0,3.0,5.0,8.0,0.0,3.0,0.0,4.0,2.0,0.0,0.0,0.0,2.0,3.0,1.0,0.0,0.316,0.391,1.23,0.483,-0.03714285714285714,0.0,11.5,0.0,0.479,7.67,6.63,9.95,6.56,1.13,0.01,3.22
871,2023,삼성,base,empty_base,1.0,0,0.0,0.0,0.0,0.0,0.0,0.0,0.0,0.0,0.0,0.0,0.0,0.0,0.0,0.0,0.0,0.0,0.0,0.28561363636363635,0.24240816326530612,0.6706326530612244,0.28080392156862743,-0.03714285714285714,-,-,-,-,-,0.7901960784313725,-,0.302156862745098,-,0.0,-
871,2023,삼성,base,first_second,1.0,1,1.0,0.0,0.0,0.0,0.0,0.0,1.0,0.0,0.0,0.0,0.0,0.0,0.0,0.0,0.0,0.0,0.0,0.28561363636363635,0.0,0.0,0.0,-0.03714285714285714,0.0,100.0,0.0,0.0,-,0.0,0.0,-0.19,-,0.0,-0.32
871,2023,삼성,base,on_base,1.0,1,1.0,0.0,0.0,0.0,0.0,0.0,1.0,0.0,0.0,0.0,0.0,0.0,0.0,0.0,0.0,0.0,0.0,0.28561363636363635,0.0,0.0,0.0,-0.03714285714285714,0.0,100.0,0.0,0.0,-,0.0,0.0,-0.19,-,0.0,-0.32
871,2023,삼성,base,scoring_position,1.0,1,1.0,0.0,0.0,0.0,0.0,0.0,1.0,0.0,0.0,0.0,0.0,0.0,0.0,0.0,0.0,0.0,0.0,0.28561363636363635,0.0,0.0,0.0,-0.03714285714285714,0.0,100.0,0.0,0.0,-,0.0,0.0,-0.19,-,0.0,-0.32
871,2023,삼성,hitside,right,1.0,1,1.0,0.0,0.0,0.0,0.0,0.0,1.0,0.0,0.0,0.0,0.0,0.0,0.0,0.0,0.0,0.0,0.0,0.24833333333333332,0.0,0.0,0.0,-0.03714285714285714,0.0,100.0,0.0,0.0,-,0.0,0.0,-0.19,-,0.0,-0.32
871,2023,삼성,homeaway,home,2.0,1,1.0,0.0,0.0,0.0,0.0,0.0,1.0,0.0,0.0,0.0,0.0,0.0,0.0,0.0,0.0,0.0,0.0,0.21891666666666665,0.0,0.0,0.0,-0.03714285714285714,0.0,100.0,0.0,0.0,-,0.0,0.0,-0.19,-,0.0,-0.32
871,2023,삼성,month,4-4,2.0,1,1.0,0.0,0.0,0.0,0.0,0.0,1.0,0.0,0.0,0.0,0.0,0.0,0.0,0.0,0.0,0.0,0.0,0.27586363636363637,0.0,0.0,0.0,-0.03714285714285714,0.0,100.0,0.0,0.0,-,0.0,0.0,-0.19,-,0.0,-0.32
871,2023,삼성,opponent,team09,2.0,1,1.0,0.0,0.0,0.0,0.0,0.0,1.0,0.0,0.0,0.0,0.0,0.0,0.0,0.0,0.0,0.0,0.0,0.23259375,0.0,0.0,0.0,-0.03714285714285714,0.0,100.0,0.0,0.0,-,0.0,0.0,-0.19,-,0.0,-0.32
871,2023,삼성,outcount,2-2,1.0,1,1.0,0.0,0.0,0.0,0.0,0.0,1.0,0.0,0.0,0.0,0.0,0.0,0.0,0.0,0.0,0.0,0.0,0.23925,0.0,0.0,0.0,-0.03714285714285714,0.0,100.0,0.0,0.0,-,0.0,0.0,-0.19,-,0.0,-0.32
871,2023,삼성,pitchside,right,1.0,1,1.0,0.0,0.0,0.0,0.0,0.0,1.0,0.0,0.0,0.0,0.0,0.0,0.0,0.0,0.0,0.0,0.0,0.28500000000000003,0.0,0.0,0.0,-0.03714285714285714,0.0,100.0,0.0,0.0,-,0.0,0.0,-0.19,-,0.0,-0.32
871,2023,삼성,total,total,2.0,1,1.0,0.0,0.0,0.0,0.0,0.0,1.0,0.0,0.0,0.0,0.0,0.0,0.0,0.0,0.0,0.0,0.0,0.24833333333333332,0.0,0.0,0.0,-0.03,0.0,100.0,0.0,0.0,-,0.0,0.0,-0.18,-,0.0,-0.3
871,2023,삼성,weekday,5-5,1.0,1,1.0,0.0,0.0,0.0,0.0,0.0,1.0,0.0,0.0,0.0,0.0,0.0,0.0,0.0,0.0,0.0,0.0,0.24862962962962964,0.0,0.0,0.0,-0.03714285714285714,0.0,100.0,0.0,0.0,-,0.0,0.0,-0.19,-,0.0,-0.32
871,2023,삼성,weekday,6-6,1.0,0,0.0,0.0,0.0,0.0,0.0,0.0,0.0,0.0,0.0,0.0,0.0,0.0,0.0,0.0,0.0,0.0,0.0,0.24862962962962964,0.17464516129032256,0.47216129032258064,0.228375,-0.03714285714285714,-,-,-,-,-,0.670625,-,0.3065625,-,0.0,-
871,2023,삼성,winlose,lose,1.0,1,1.0,0.0,0.0,0.0,0.0,0.0,1.0,0.0,0.0,0.0,0.0,0.0,0.0,0.0,0.0,0.0,0.0,0.25492857142857145,0.0,0.0,0.0,-0.03714285714285714,0.0,100.0,0.0,0.0,-,0.0,0.0,-0.19,-,0.0,-0.32
871,2023,삼성,winlose,win,1.0,0,0.0,0.0,0.0,0.0,0.0,0.0,0.0,0.0,0.0,0.0,0.0,0.0,0.0,0.0,0.0,0.0,0.0,0.25492857142857145,0.1706,0.43406666666666666,0.19306666666666666,-0.03714285714285714,-,-,-,-,-,1.156,-,0.686,-,0.0,-
871,2024,삼성,base,empty_base,6.0,4,4.0,0.0,0.0,0.0,0.0,0.0,0.0,0.0,0.0,0.0,0.0,0.0,0.0,0.0,0.0,0.0,0.0,0.0,0.0,0.0,0.0,-0.03714285714285714,0.0,0.0,-,0.0,-,0.0,0.0,-0.75,-,0.0,-1.26
871,2024,삼성,base,first,2.0,3,3.0,1.0,0.0,0.0,0.0,0.0,1.0,0.0,1.0,0.0,0.0,0.0,0.0,0.0,0.0,0.0,0.0,0.5,0.333,0.666,0.306,-0.03714285714285714,0.0,33.3,0.0,0.0,-,0.33,4.5,0.27,1.81,0.0,-0.11
871,2024,삼성,base,first_second,1.0,0,0.0,0.0,0.0,0.0,0.0,0.0,0.0,0.0,0.0,0.0,0.0,0.0,0.0,0.0,0.0,0.0,0.0,0.28561363636363635,0.24240816326530612,0.6706326530612244,0.28080392156862743,-0.03714285714285714,-,-,-,-,-,0.7901960784313725,-,0.302156862745098,-,0.0,-
871,2024,삼성,base,first_third,1.0,1,1.0,1.0,1.0,1.0,3.0,0.0,0.0,0.0,0.0,0.0,0.0,0.0,0.0,0.0,0.0,0.0,0.0,0.28561363636363635,1.0,5.0,1.956,-0.03714285714285714,0.0,0.0,-,3.0,1.0,4.0,-,1.59,-,0.0,1.46
871,2024,삼성,base,on_base,3.0,4,4.0,2.0,1.0,1.0,3.0,0.0,1.0,0.0,1.0,0.0,0.0,0.0,0.0,0.0,0.0,0.0,0.0,0.5,0.5,1.75,0.719,-0.03714285714285714,0.0,25.0,0.0,0.75,4.0,2.5,33.75,1.87,1.81,0.0,1.35
871,2024,삼성,base,scoring_position,2.0,1,1.0,1.0,1.0,1.0,3.0,0.0,0.0,0.0,0.0,0.0,0.0,0.0,0.0,0.0,0.0,0.0,0.0,0.28561363636363635,1.0,5.0,1.956,-0.03714285714285714,0.0,0.0,-,3.0,1.0,4.0,-,1.59,-,0.0,1.46
871,2024,삼성,hitside,right,6.0,8,8.0,2.0,1.0,1.0,3.0,0.0,1.0,0.0,1.0,0.0,0.0,0.0,0.0,0.0,0.0,0.0,0.0,0.167,0.25,0.875,0.359,-0.03714285714285714,0.0,12.5,0.0,0.375,8.0,1.25,5.63,1.12,1.81,0.0,0.09
871,2024,삼성,homeaway,away,8.0,7,7.0,2.0,1.0,1.0,3.0,0.0,1.0,0.0,1.0,0.0,0.0,0.0,0.0,0.0,0.0,0.0,0.0,0.2,0.286,1.0,0.411,-0.03714285714285714,0.0,14.3,0.0,0.428,7.0,1.43,7.71,1.31,1.81,0.0,0.41
871,2024,삼성,homeaway,home,1.0,1,1.0,0.0,0.0,0.0,0.0,0.0,0.0,0.0,0.0,0.0,0.0,0.0,0.0,0.0,0.0,0.0,0.0,0.0,0.0,0.0,0.0,-0.03714285714285714,0.0,0.0,-,0.0,-,0.0,0.0,-0.19,-,0.0,-0.32
871,2024,삼성,month,7-7,1.0,1,1.0,1.0,1.0,1.0,3.0,0.0,0.0,0.0,0.0,0.0,0.0,0.0,0.0,0.0,0.0,0.0,0.0,0.27586363636363637,1.0,5.0,1.956,-0.03714285714285714,0.0,0.0,-,3.0,1.0,4.0,-,1.59,-,0.0,1.46
871,2024,삼성,month,9-9,8.0,7,7.0,1.0,0.0,0.0,0.0,0.0,1.0,0.0,1.0,0.0,0.0,0.0,0.0,0.0,0.0,0.0,0.0,0.167,0.143,0.286,0.131,-0.03714285714285714,0.0,14.3,0.0,0.0,-,0.14,0.64,-0.47,1.81,0.0,-1.37
871,2024,삼성,opponent,team01,1.0,1,1.0,0.0,0.0,0.0,0.0,0.0,0.0,0.0,0.0,0.0,0.0,0.0,0.0,0.0,0.0,0.0,0.0,0.0,0.0,0.0,0.0,-0.03714285714285714,0.0,0.0,-,0.0,-,0.0,0.0,-0.19,-,0.0,-0.32
871,2024,삼성,opponent,team03,2.0,2,2.0,0.0,0.0,0.0,0.0,0.0,0.0,0.0,0.0,0.0,0.0,0.0,0.0,0.0,0.0,0.0,0.0,0.0,0.0,0.0,0.0,-0.03714285714285714,0.0,0.0,-,0.0,-,0.0,0.0,-0.37,-,0.0,-0.63
871,2024,삼성,opponent,team05,1.0,1,1.0,1.0,1.0,1.0,3.0,0.0,0.0,0.0,0.0,0.0,0.0,0.0,0.0,0.0,0.0,0.0,0.0,0.23259375,1.0,5.0,1.956,-0.03714285714285714,0.0,0.0,-,3.0,1.0,4.0,-,1.59,-,0.0,1.46
871,2024,삼성,opponent,team07,1.0,1,1.0,0.0,0.0,0.0,0.0,0.0,0.0,0.0,0.0,0.0,0.0,0.0,0.0,0.0,0.0,0.0,0.0,0.0,0.0,0.0,0.0,-0.03714285714285714,0.0,0.0,-,0.0,-,0.0,0.0,-0.19,-,0.0,-0.32
871,2024,삼성,opponent,team08,1.0,1,1.0,0.0,0.0,0.0,0.0,0.0,0.0,0.0,0.0,0.0,0.0,0.0,0.0,0.0,0.0,0.0,0.0,0.0,0.0,0.0,0.0,-0.03714285714285714,0.0,0.0,-,0.0,-,0.0,0.0,-0.19,-,0.0,-0.32
871,2024,삼성,opponent,team09,1.0,0,0.0,0.0,0.0,0.0,0.0,0.0,0.0,0.0,0.0,0.0,0.0,0.0,0.0,0.0,0.0,0.0,0.0,0.23259375,0.18270588235294116,0.535235294117647,0.23291176470588237,-0.03714285714285714,-,-,-,-,-,0.7135294117647059,-,0.2705882352941177,-,0.0,-
871,2024,삼성,outcount,0-0,3.0,3,3.0,0.0,0.0,0.0,0.0,0.0,0.0,0.0,0.0,0.0,0.0,0.0,0.0,0.0,0.0,0.0,0.0,0.0,0.0,0.0,0.0,-0.03714285714285714,0.0,0.0,-,0.0,-,0.0,0.0,-0.56,-,0.0,-0.95
871,2024,삼성,outcount,1-1,1.0,1,1.0,1.0,1.0,1.0,3.0,0.0,0.0,0.0,0.0,0.0,0.0,0.0,0.0,0.0,0.0,0.0,0.0,0.23925,1.0,5.0,1.956,-0.03714285714285714,0.0,0.0,-,3.0,1.0,4.0,-,1.59,-,0.0,1.46
871,2024,삼성,outcount,2-2,3.0,4,4.0,1.0,0.0,0.0,0.0,0.0,1.0,0.0,1.0,0.0,0.0,0.0,0.0,0.0,0.0,0.0,0.0,0.333,0.25,0.5,0.23,-0.03714285714285714,0.0,25.0,0.0,0.0,-,0.25,2.25,0.09,1.81,0.0,-0.43
871,2024,삼성,pitchside,left,1.0,1,1.0,1.0,0.0,0.0,0.0,0.0,0.0,0.0,1.0,0.0,0.0,0.0,0.0,0.0,0.0,0.0,0.0,1.0,1.0,2.0,0.919,-0.03714285714285714,0.0,0.0,-,0.0,-,1.0,-,0.65,1.81,0.0,0.52
871,2024,삼성,pitchside,right,6.0,7,7.0,1.0,1.0,1.0,3.0,0.0,1.0,0.0,0.0,0.0,0.0,0.0,0.0,0.0,0.0,0.0,0.0,0.0,0.143,0.714,0.279,-0.03714285714285714,0.0,14.3,0.0,0.428,7.0,0.57,2.57,0.47,-,0.0,-0.43
871,2024,삼성,total,total,9.0,8,8.0,2.0,1.0,1.0,3.0,0.0,1.0,0.0,1.0,0.0,0.0,0.0,0.0,0.0,0.0,0.0,0.0,0.167,0.25,0.875,0.343,0.05,0.0,12.5,0.0,0.375,8.0,1.25,5.62,1.07,1.81,0.0,-0.01
871,2024,삼성,weekday,0-0,1.0,0,0.0,0.0,0.0,0.0,0.0,0.0,0.0,0.0,0.0,0.0,0.0,0.0,0.0,0.0,0.0,0.0,0.0,0.24862962962962964,0.17464516129032256,0.47216129032258064,0.228375,-0.03714285714285714,-,-,-,-,-,0.670625,-,0.3065625,-,0.0,-
871,2024,삼성,weekday,1-1,2.0,3,3.0,0.0,0.0,0.0,0.0,0.0,0.0,0.0,0.0,0.0,0.0,0.0,0.0,0.0,0.0,0.0,0.0,0.0,0.0,0.0,0.0,-0.03714285714285714,0.0,0.0,-,0.0,-,0.0,0.0,-0.56,-,0.0,-0.95
871,2024,삼성,weekday,2-2,3.0,2,2.0,1.0,1.0,1.0,3.0,0.0,0.0,0.0,0.0,0.0,0.0,0.0,0.0,0.0,0.0,0.0,0.0,0.0,0.5,2.5,0.978,-0.03714285714285714,0.0,0.0,-,1.5,2.0,2.0,54.0,1.4,-,0.0,1.15
871,2024,삼성,weekday,4-4,1.0,0,0.0,0.0,0.0,0.0,0.0,0.0,0.0,0.0,0.0,0.0,0.0,0.0,0.0,0.0,0.0,0.0,0.0,0.24862962962962964,0.17464516129032256,0.47216129032258064,0.228375,-0.03714285714285714,-,-,-,-,-,0.670625,-,0.3065625,-,0.0,-
871,2024,삼성,weekday,5-5,2.0,3,3.0,1.0,0.0,0.0,0.0,0.0,1.0,0.0,1.0,0.0,0.0,0.0,0.0,0.0,0.0,0.0,0.0,0.5,0.333,0.666,0.306,-0.03714285714285714,0.0,33.3,0.0,0.0,-,0.33,4.5,0.27,1.81,0.0,-0.11
871,2024,삼성,winlose,lose,6.0,7,7.0,2.0,1.0,1.0,3.0,0.0,1.0,0.0,1.0,0.0,0.0,0.0,0.0,0.0,0.0,0.0,0.0,0.2,0.286,1.0,0.411,-0.03714285714285714,0.0,14.3,0.0,0.428,7.0,1.43,7.71,1.31,1.81,0.0,0.41
871,2024,삼성,winlose,win,3.0,1,1.0,0.0,0.0,0.0,0.0,0.0,0.0,0.0,0.0,0.0,0.0,0.0,0.0,0.0,0.0,0.0,0.0,0.0,0.0,0.0,0.0,-0.03714285714285714,0.0,0.0,-,0.0,-,0.0,0.0,-0.19,-,0.0,-0.32
